任务运行时间,是否成功,最后commit,job_id,Output Token Throughput,job_link
2026-01-20T16:20:53Z,✅,b6d55fc48e03d024f6092b226025b14bea07675a,60932769918,,
2026-01-21T16:23:50Z,✅,8900e3398b5e9932d0ec6867a0142447599ca9fe,61059016023,965.1211,
2026-01-22T16:20:28Z,✅,63d3921208202314c11c06cfb8be1525d413f253,61176943628,,
2026-01-23T16:16:20Z,✅,2dd68652bc211aef872936c1c1e1cb602f6d3097,61306229950,1278.0493,
2026-01-24T16:11:50Z,✅,7799c4ca3be0f6d7541b014a1a4dfbcccb33d8b2,61366131843,1271.2015,
2026-01-25T16:12:51Z,✅,99bdd7363c89b2979c5474009c12a1b3ca769415,61411968989,1255.6255,
2026-01-26T16:19:29Z,✅,9780a995e1cce12d71e1bdf3ba87d7499ece203d,61511071625,1312.4782,
2026-01-27T16:17:13Z,✅,c498cea22d1aeff9ddfa376db728c616e553628a,61641960793,1260.8869,
2026-01-28T16:22:44Z,❌,f0ff2cc22d596f102ddc8dd079141bc941782d63,61781030134,,
2026-01-29T16:29:03Z,❌,4970de42420f6504dabf6d70b3cbfa7881021165,61911765516,,
2026-01-30T16:23:56Z,❌,4230bc86461e4b879e0b434eaa11cfbd2bf83ef7,62067607085,,
2026-01-31T16:12:38Z,❌,775fbc4cd21718b53a033856822ff9f53b6b28cc,62094536513,,
2026-02-01T16:14:17Z,❌,347eb36a590dfbac0814bd43f20196d96211a6b7,62142394269,289.5192,
2026-02-02T16:22:26Z,❌,c1618a04273e967616e40551a86f370e7a76222b,62260163713,294.6367,
2026-02-03T16:37:46Z,❌,a80e524fbcaf58576ba7bfe56365a4259a24b692,62392732415,,
2026-02-04T16:31:33Z,❌,0ead5e8681c4f13c7746d2611268e263f1514ec8,62521532003,,
2026-02-05T16:31:47Z,❌,81f3c09d6d46917052fc62759a93bd5a797968ef,62670091439,,
2026-02-06T16:29:36Z,❌,c63b7a11888e9e1caeeff8b6c1d66844d99fc24b,62784667209,,
2026-02-07T16:14:49Z,❌,e5f0e0eaf78601e1e2a793c4040c359cd5a201f3,62853550825,,
2026-02-08T16:15:33Z,❌,e5f0e0eaf78601e1e2a793c4040c359cd5a201f3,62901064420,,
2026-02-09T16:45:30Z,❌,905f0764e047dff6ae096149a3015cf9c84aa7d7,63009331289,,
2026-02-10T16:50:49Z,❌,02886e2641d7a9679f2e587745a172228b0f7c71,63148801778,,
2026-02-11T16:50:13Z,❌,ff3a50d011dcbea08f87ebed69ff1bf156dbb01e,63295335140,,
2026-02-12T16:43:06Z,❌,41d056f94716d2ac74b73f26547a109c099e82dd,63437521523,,
2026-02-13T16:30:04Z,❌,e2175d9c7e62b437391dfee996b1375674ba7c18,63562861742,,
2026-02-15T16:14:23Z,❌,f0caeeadcb37261beebd4a6e32934fa9f460db98,63681774716,,
2026-02-16T16:28:35Z,❌,f0caeeadcb37261beebd4a6e32934fa9f460db98,63777645284,,
2026-02-17T16:42:05Z,❌,f0caeeadcb37261beebd4a6e32934fa9f460db98,63905842885,,
2026-02-18T16:47:22Z,❌,f0caeeadcb37261beebd4a6e32934fa9f460db98,64040361593,,
2026-02-19T16:37:27Z,❌,f0caeeadcb37261beebd4a6e32934fa9f460db98,64201645893,,
2026-02-20T16:23:29Z,❌,f0caeeadcb37261beebd4a6e32934fa9f460db98,64326785052,,
2026-02-21T16:14:14Z,❌,f0caeeadcb37261beebd4a6e32934fa9f460db98,64402225089,,
2026-02-22T16:14:35Z,❌,f0caeeadcb37261beebd4a6e32934fa9f460db98,64455425953,,
2026-02-23T16:40:23Z,❌,f0caeeadcb37261beebd4a6e32934fa9f460db98,64574590762,,
2026-02-24T16:52:08Z,❌,0331f16a50e85a1c57f8a850376babf89201dd22,64733667441,,
2026-02-25T16:55:20Z,❌,aa7fb5d7073b70b35445ad87bcc1fbf6aca34df1,64875499054,,
2026-02-26T16:42:37Z,✅,ed175d6d92ada7fbb344da7f99d000f644a8cd23,65038354471,,
2026-02-27T16:25:57Z,✅,9cd0d6c33d2ef5cb9b6ce20b1ca047e55ab23a12,65184480712,,
2026-02-28T16:12:29Z,✅,9d09488b4a5c64ca52987da6f1c0d159e7fe9dae,65258576370,,
2026-03-01T16:13:09Z,❌,a77fe932e401c238197b4e33f4e24a56affe9362,65318729652,,
2026-03-02T16:29:09Z,❌,15f65649762992b17e10bda2d7f942618a10dfbd,65440203511,,
2026-03-03T16:32:08Z,✅,859f2c25b9c6a3a828a351f284572846f90bd06d,65604655730,,
2026-03-04T16:28:29Z,✅,f8315f5717c7e175e23461c0102f4f9a586da874,65760223160,,
2026-03-10T16:39:29Z,✅,e16009b2cce40833b25cdd0284e85bb1984585bc,66499290707,,
2026-03-11T16:33:04Z,✅,da01a74009a5dafa90602b8d7a4ddbf71f6609d9,66666827220,,
2026-03-12T16:42:13Z,❌,fe4cad24e9efa97235a5ebff10b62d8a4d981ddc,66836125113,,
2026-03-13T16:20:20Z,❌,0ad52517a18e65ef235c47ab1ee1c8e22611dc8e,66990407536,,
2026-03-14T15:58:23Z,❌,c69291eefc810489f5f31d3594308d6eafa0d5f9,67078066564,,
2026-03-15T15:59:25Z,❌,e20f0b1a0d2fdb1d86a15d55d70fe60a7a1b5a45,67138325506,,
2026-03-16T16:42:42Z,✅,3f39ac9c8d12e576487bf435af146e3244187507,67275371067,,
2026-03-17T16:45:01Z,❌,79ef41a53ddc8351f387ac1f7abd0ce0c7f1aa8a,67449673462,,
2026-03-18T16:43:01Z,❌,8b79d4de52ed46f33683d50ba70faac1c82351e6,67674655519,,
2026-03-19T16:40:27Z,❌,eb92e7d50efac8a3a35dfe0aeb2fc04f9e2faff6,67788163343,,
2026-03-20T16:24:43Z,❌,88d03a783fb28de1498d4c23d94e7fc173855963,67953260507,,
2026-03-21T15:57:36Z,❌,84a74f0cb1f61b47cb07d0c46b6e6b99321e0b66,68030016315,,
2026-03-22T15:58:03Z,❌,9bf9b4b26763d5ba8c56e9828519dcd740f4a51b,68089316266,,
2026-03-23T16:35:35Z,❌,1de805ce0ac2d25d6b77755692f59f0dee4254ae,68226426432,,
