任务运行时间,是否成功,最后commit,job_id,Output Token Throughput
2026-01-29T16:29:03Z,❌,4970de42420f6504dabf6d70b3cbfa7881021165,61911765516,
2026-01-28T16:22:44Z,❌,f0ff2cc22d596f102ddc8dd079141bc941782d63,61781030134,
2026-01-27T16:17:13Z,✅,c498cea22d1aeff9ddfa376db728c616e553628a,61641960793,1260.8869
2026-01-26T16:19:29Z,✅,9780a995e1cce12d71e1bdf3ba87d7499ece203d,61511071625,1312.4782
2026-01-25T16:12:51Z,✅,99bdd7363c89b2979c5474009c12a1b3ca769415,61411968989,1255.6255
2026-01-24T16:11:50Z,✅,7799c4ca3be0f6d7541b014a1a4dfbcccb33d8b2,61366131843,1271.2015
2026-01-23T16:16:20Z,✅,2dd68652bc211aef872936c1c1e1cb602f6d3097,61306229950,1278.0493
2026-01-22T16:20:28Z,✅,63d3921208202314c11c06cfb8be1525d413f253,61176943628,
2026-01-21T16:23:50Z,✅,8900e3398b5e9932d0ec6867a0142447599ca9fe,61059016023,965.1211
2026-01-20T16:20:53Z,✅,b6d55fc48e03d024f6092b226025b14bea07675a,60932769918,906.4412
